"","ends_left","hammer","margin","win_probability","gender","team1","team2"
"1","1","0","-6","0","women","1-25","1-25"
"2","1","0","-4","0","women","1-25","1-25"
"3","1","0","-3","0","women","1-25","1-25"
"4","1","0","-2","0.6","women","1-25","1-25"
"5","1","0","-1","6.3","women","1-25","1-25"
"6","1","0","0","20.1","women","1-25","1-25"
"7","1","0","1","60.6","women","1-25","1-25"
"8","1","0","2","87.8","women","1-25","1-25"
"9","1","0","3","99","women","1-25","1-25"
"10","1","0","4","100","women","1-25","1-25"
"11","1","0","5","100","women","1-25","1-25"
"12","1","0","6","100","women","1-25","1-25"
"13","1","1","-6","0","women","1-25","1-25"
"14","1","1","-5","0","women","1-25","1-25"
"15","1","1","-4","0","women","1-25","1-25"
"16","1","1","-3","1","women","1-25","1-25"
"17","1","1","-2","12.2","women","1-25","1-25"
"18","1","1","-1","39.4","women","1-25","1-25"
"19","1","1","0","79.9","women","1-25","1-25"
"20","1","1","1","93.7","women","1-25","1-25"
"21","1","1","2","99.4","women","1-25","1-25"
"22","1","1","3","100","women","1-25","1-25"
"23","1","1","4","100","women","1-25","1-25"
"24","1","1","6","100","women","1-25","1-25"
"25","2","0","-6","0","women","1-25","1-25"
"26","2","0","-5","0","women","1-25","1-25"
"27","2","0","-4","0","women","1-25","1-25"
"28","2","0","-3","0","women","1-25","1-25"
"29","2","0","-2","2.8","women","1-25","1-25"
"30","2","0","-1","11.3","women","1-25","1-25"
"31","2","0","0","30.1","women","1-25","1-25"
"32","2","0","1","65.1","women","1-25","1-25"
"33","2","0","2","88.7","women","1-25","1-25"
"34","2","0","3","97.1","women","1-25","1-25"
"35","2","0","4","99.7","women","1-25","1-25"
"36","2","0","5","100","women","1-25","1-25"
"37","2","0","6","100","women","1-25","1-25"
"38","2","1","-6","0","women","1-25","1-25"
"39","2","1","-5","0","women","1-25","1-25"
"40","2","1","-4","0.3","women","1-25","1-25"
"41","2","1","-3","2.9","women","1-25","1-25"
"42","2","1","-2","11.3","women","1-25","1-25"
"43","2","1","-1","34.9","women","1-25","1-25"
"44","2","1","0","69.9","women","1-25","1-25"
"45","2","1","1","88.7","women","1-25","1-25"
"46","2","1","2","97.2","women","1-25","1-25"
"47","2","1","3","100","women","1-25","1-25"
"48","2","1","4","100","women","1-25","1-25"
"49","2","1","5","100","women","1-25","1-25"
"50","2","1","6","100","women","1-25","1-25"
"51","3","0","-6","0","women","1-25","1-25"
"52","3","0","-5","0","women","1-25","1-25"
"53","3","0","-4","0","women","1-25","1-25"
"54","3","0","-3","1.1","women","1-25","1-25"
"55","3","0","-2","3.8","women","1-25","1-25"
"56","3","0","-1","13","women","1-25","1-25"
"57","3","0","0","33","women","1-25","1-25"
"58","3","0","1","62.8","women","1-25","1-25"
"59","3","0","2","80.3","women","1-25","1-25"
"60","3","0","3","94.5","women","1-25","1-25"
"61","3","0","4","98.5","women","1-25","1-25"
"62","3","0","5","99.9","women","1-25","1-25"
"63","3","0","6","100","women","1-25","1-25"
"64","3","1","-6","0","women","1-25","1-25"
"65","3","1","-5","0.1","women","1-25","1-25"
"66","3","1","-4","1.5","women","1-25","1-25"
"67","3","1","-3","5.5","women","1-25","1-25"
"68","3","1","-2","19.7","women","1-25","1-25"
"69","3","1","-1","37.2","women","1-25","1-25"
"70","3","1","0","67","women","1-25","1-25"
"71","3","1","1","87","women","1-25","1-25"
"72","3","1","2","96.2","women","1-25","1-25"
"73","3","1","3","98.9","women","1-25","1-25"
"74","3","1","4","100","women","1-25","1-25"
"75","3","1","5","100","women","1-25","1-25"
"76","3","1","6","100","women","1-25","1-25"
"77","4","0","-6","0","women","1-25","1-25"
"78","4","0","-5","0","women","1-25","1-25"
"79","4","0","-4","0.1","women","1-25","1-25"
"80","4","0","-3","2","women","1-25","1-25"
"81","4","0","-2","5.8","women","1-25","1-25"
"82","4","0","-1","17","women","1-25","1-25"
"83","4","0","0","35.6","women","1-25","1-25"
"84","4","0","1","60.1","women","1-25","1-25"
"85","4","0","2","79.5","women","1-25","1-25"
"86","4","0","3","93.2","women","1-25","1-25"
"87","4","0","4","97.8","women","1-25","1-25"
"88","4","0","5","99.6","women","1-25","1-25"
"89","4","0","6","99.9","women","1-25","1-25"
"90","4","1","-6","0.1","women","1-25","1-25"
"91","4","1","-5","0.4","women","1-25","1-25"
"92","4","1","-4","2.2","women","1-25","1-25"
"93","4","1","-3","6.8","women","1-25","1-25"
"94","4","1","-2","20.5","women","1-25","1-25"
"95","4","1","-1","39.9","women","1-25","1-25"
"96","4","1","0","64.4","women","1-25","1-25"
"97","4","1","1","83","women","1-25","1-25"
"98","4","1","2","94.2","women","1-25","1-25"
"99","4","1","3","98","women","1-25","1-25"
"100","4","1","4","99.9","women","1-25","1-25"
"101","4","1","5","100","women","1-25","1-25"
"102","4","1","6","100","women","1-25","1-25"
"103","5","0","-6","0","women","1-25","1-25"
"104","5","0","-5","0","women","1-25","1-25"
"105","5","0","-4","0.3","women","1-25","1-25"
"106","5","0","-3","3.5","women","1-25","1-25"
"107","5","0","-2","7.4","women","1-25","1-25"
"108","5","0","-1","18.6","women","1-25","1-25"
"109","5","0","0","36.9","women","1-25","1-25"
"110","5","0","1","59.1","women","1-25","1-25"
"111","5","0","2","77.3","women","1-25","1-25"
"112","5","0","3","91.2","women","1-25","1-25"
"113","5","0","4","96.7","women","1-25","1-25"
"114","5","0","5","99.4","women","1-25","1-25"
"115","5","0","6","99.8","women","1-25","1-25"
"116","5","1","-6","0.2","women","1-25","1-25"
"117","5","1","-5","0.6","women","1-25","1-25"
"118","5","1","-4","3.3","women","1-25","1-25"
"119","5","1","-3","8.8","women","1-25","1-25"
"120","5","1","-2","22.7","women","1-25","1-25"
"121","5","1","-1","40.9","women","1-25","1-25"
"122","5","1","0","63.1","women","1-25","1-25"
"123","5","1","1","81.4","women","1-25","1-25"
"124","5","1","2","92.6","women","1-25","1-25"
"125","5","1","3","96.5","women","1-25","1-25"
"126","5","1","4","99.7","women","1-25","1-25"
"127","5","1","5","100","women","1-25","1-25"
"128","5","1","6","100","women","1-25","1-25"
"129","6","0","-6","0","women","1-25","1-25"
"130","6","0","-5","0.4","women","1-25","1-25"
"131","6","0","-4","0.6","women","1-25","1-25"
"132","6","0","-3","3.6","women","1-25","1-25"
"133","6","0","-2","8.3","women","1-25","1-25"
"134","6","0","-1","19.6","women","1-25","1-25"
"135","6","0","0","38.9","women","1-25","1-25"
"136","6","0","1","58.1","women","1-25","1-25"
"137","6","0","2","75.5","women","1-25","1-25"
"138","6","0","3","89.5","women","1-25","1-25"
"139","6","0","4","95.1","women","1-25","1-25"
"140","6","0","5","98.8","women","1-25","1-25"
"141","6","0","6","99.7","women","1-25","1-25"
"142","6","1","-6","0.3","women","1-25","1-25"
"143","6","1","-5","1.2","women","1-25","1-25"
"144","6","1","-4","4.9","women","1-25","1-25"
"145","6","1","-3","10.5","women","1-25","1-25"
"146","6","1","-2","24.5","women","1-25","1-25"
"147","6","1","-1","41.9","women","1-25","1-25"
"148","6","1","0","61.1","women","1-25","1-25"
"149","6","1","1","80.4","women","1-25","1-25"
"150","6","1","2","91.7","women","1-25","1-25"
"151","6","1","3","96.4","women","1-25","1-25"
"152","6","1","4","99.4","women","1-25","1-25"
"153","6","1","5","99.6","women","1-25","1-25"
"154","6","1","6","100","women","1-25","1-25"
"155","7","0","-6","0.3","women","1-25","1-25"
"156","7","0","-5","0.5","women","1-25","1-25"
"157","7","0","-4","1","women","1-25","1-25"
"158","7","0","-3","4.5","women","1-25","1-25"
"159","7","0","-2","9.9","women","1-25","1-25"
"160","7","0","-1","21.1","women","1-25","1-25"
"161","7","0","0","39.6","women","1-25","1-25"
"162","7","0","1","57.2","women","1-25","1-25"
"163","7","0","2","73.9","women","1-25","1-25"
"164","7","0","3","88.6","women","1-25","1-25"
"165","7","0","4","95.1","women","1-25","1-25"
"166","7","0","5","98.9","women","1-25","1-25"
"167","7","0","6","99.3","women","1-25","1-25"
"168","7","1","-6","0.7","women","1-25","1-25"
"169","7","1","-5","1.1","women","1-25","1-25"
"170","7","1","-4","4.9","women","1-25","1-25"
"171","7","1","-3","11.4","women","1-25","1-25"
"172","7","1","-2","26.1","women","1-25","1-25"
"173","7","1","-1","42.8","women","1-25","1-25"
"174","7","1","0","60.4","women","1-25","1-25"
"175","7","1","1","78.9","women","1-25","1-25"
"176","7","1","2","90.1","women","1-25","1-25"
"177","7","1","3","95.5","women","1-25","1-25"
"178","7","1","4","99","women","1-25","1-25"
"179","7","1","5","99.5","women","1-25","1-25"
"180","7","1","6","99.7","women","1-25","1-25"
"181","8","0","-6","0","women","1-25","1-25"
"182","8","0","-4","1.1","women","1-25","1-25"
"183","8","0","-3","5.5","women","1-25","1-25"
"184","8","0","-2","11.2","women","1-25","1-25"
"185","8","0","-1","22.4","women","1-25","1-25"
"186","8","0","0","40.3","women","1-25","1-25"
"187","8","0","1","56.7","women","1-25","1-25"
"188","8","0","2","72.8","women","1-25","1-25"
"189","8","0","3","88","women","1-25","1-25"
"190","8","0","4","94.2","women","1-25","1-25"
"191","8","0","5","97.9","women","1-25","1-25"
"192","8","0","6","99.4","women","1-25","1-25"
"193","8","1","-6","0.6","women","1-25","1-25"
"194","8","1","-5","2.1","women","1-25","1-25"
"195","8","1","-4","5.8","women","1-25","1-25"
"196","8","1","-3","12","women","1-25","1-25"
"197","8","1","-2","27.2","women","1-25","1-25"
"198","8","1","-1","43.3","women","1-25","1-25"
"199","8","1","0","59.7","women","1-25","1-25"
"200","8","1","1","77.6","women","1-25","1-25"
"201","8","1","2","88.8","women","1-25","1-25"
"202","8","1","3","94.5","women","1-25","1-25"
"203","8","1","4","98.9","women","1-25","1-25"
"204","8","1","6","100","women","1-25","1-25"
"205","9","0","0","40.6","women","1-25","1-25"
"206","9","0","1","56.5","women","1-25","1-25"
"207","9","0","2","72.2","women","1-25","1-25"
"208","9","0","3","86.6","women","1-25","1-25"
"209","9","0","4","93.2","women","1-25","1-25"
"210","9","0","5","97.7","women","1-25","1-25"
"211","9","1","-5","2.3","women","1-25","1-25"
"212","9","1","-4","6.8","women","1-25","1-25"
"213","9","1","-3","13.4","women","1-25","1-25"
"214","9","1","-2","27.8","women","1-25","1-25"
"215","9","1","-1","43.5","women","1-25","1-25"
"216","9","1","0","59.4","women","1-25","1-25"
"217","10","0","0","40.8","women","1-25","1-25"
"218","10","1","0","59.2","women","1-25","1-25"
"219","1","0","-6","0","women","26-100","26-100"
"220","1","0","-4","0","women","26-100","26-100"
"221","1","0","-3","0","women","26-100","26-100"
"222","1","0","-2","4.9","women","26-100","26-100"
"223","1","0","-1","13.9","women","26-100","26-100"
"224","1","0","0","30.4","women","26-100","26-100"
"225","1","0","1","63.7","women","26-100","26-100"
"226","1","0","2","86.8","women","26-100","26-100"
"227","1","0","3","97.4","women","26-100","26-100"
"228","1","0","4","100","women","26-100","26-100"
"229","1","0","5","100","women","26-100","26-100"
"230","1","0","6","100","women","26-100","26-100"
"231","1","1","-6","0","women","26-100","26-100"
"232","1","1","-5","0","women","26-100","26-100"
"233","1","1","-4","0","women","26-100","26-100"
"234","1","1","-3","2.6","women","26-100","26-100"
"235","1","1","-2","13.2","women","26-100","26-100"
"236","1","1","-1","36.3","women","26-100","26-100"
"237","1","1","0","69.6","women","26-100","26-100"
"238","1","1","1","86.1","women","26-100","26-100"
"239","1","1","2","95.1","women","26-100","26-100"
"240","1","1","3","100","women","26-100","26-100"
"241","1","1","4","100","women","26-100","26-100"
"242","1","1","6","100","women","26-100","26-100"
"243","2","0","-6","0","women","26-100","26-100"
"244","2","0","-5","0","women","26-100","26-100"
"245","2","0","-4","0","women","26-100","26-100"
"246","2","0","-3","2.4","women","26-100","26-100"
"247","2","0","-2","9","women","26-100","26-100"
"248","2","0","-1","15.3","women","26-100","26-100"
"249","2","0","0","35.7","women","26-100","26-100"
"250","2","0","1","64.5","women","26-100","26-100"
"251","2","0","2","84.1","women","26-100","26-100"
"252","2","0","3","92.4","women","26-100","26-100"
"253","2","0","4","97.1","women","26-100","26-100"
"254","2","0","5","99.7","women","26-100","26-100"
"255","2","0","6","100","women","26-100","26-100"
"256","2","1","-6","0","women","26-100","26-100"
"257","2","1","-5","0.3","women","26-100","26-100"
"258","2","1","-4","2.9","women","26-100","26-100"
"259","2","1","-3","7.6","women","26-100","26-100"
"260","2","1","-2","15.9","women","26-100","26-100"
"261","2","1","-1","35.5","women","26-100","26-100"
"262","2","1","0","64.3","women","26-100","26-100"
"263","2","1","1","84.7","women","26-100","26-100"
"264","2","1","2","91","women","26-100","26-100"
"265","2","1","3","97.6","women","26-100","26-100"
"266","2","1","4","100","women","26-100","26-100"
"267","2","1","5","100","women","26-100","26-100"
"268","2","1","6","100","women","26-100","26-100"
"269","3","0","-6","0","women","26-100","26-100"
"270","3","0","-5","0.1","women","26-100","26-100"
"271","3","0","-4","1","women","26-100","26-100"
"272","3","0","-3","4.5","women","26-100","26-100"
"273","3","0","-2","9.2","women","26-100","26-100"
"274","3","0","-1","18.1","women","26-100","26-100"
"275","3","0","0","36.4","women","26-100","26-100"
"276","3","0","1","59.9","women","26-100","26-100"
"277","3","0","2","79","women","26-100","26-100"
"278","3","0","3","89.4","women","26-100","26-100"
"279","3","0","4","96","women","26-100","26-100"
"280","3","0","5","99.1","women","26-100","26-100"
"281","3","0","6","99.9","women","26-100","26-100"
"282","3","1","-6","0.1","women","26-100","26-100"
"283","3","1","-5","0.9","women","26-100","26-100"
"284","3","1","-4","4","women","26-100","26-100"
"285","3","1","-3","10.6","women","26-100","26-100"
"286","3","1","-2","21","women","26-100","26-100"
"287","3","1","-1","40.1","women","26-100","26-100"
"288","3","1","0","63.6","women","26-100","26-100"
"289","3","1","1","81.9","women","26-100","26-100"
"290","3","1","2","90.8","women","26-100","26-100"
"291","3","1","3","95.5","women","26-100","26-100"
"292","3","1","4","99","women","26-100","26-100"
"293","3","1","5","99.9","women","26-100","26-100"
"294","3","1","6","100","women","26-100","26-100"
"295","4","0","-6","0.2","women","26-100","26-100"
"296","4","0","-5","0.1","women","26-100","26-100"
"297","4","0","-4","1.6","women","26-100","26-100"
"298","4","0","-3","4.6","women","26-100","26-100"
"299","4","0","-2","11","women","26-100","26-100"
"300","4","0","-1","22.1","women","26-100","26-100"
"301","4","0","0","40","women","26-100","26-100"
"302","4","0","1","59.7","women","26-100","26-100"
"303","4","0","2","77.9","women","26-100","26-100"
"304","4","0","3","88.8","women","26-100","26-100"
"305","4","0","4","94.3","women","26-100","26-100"
"306","4","0","5","98.4","women","26-100","26-100"
"307","4","0","6","99.7","women","26-100","26-100"
"308","4","1","-6","0.3","women","26-100","26-100"
"309","4","1","-5","1.6","women","26-100","26-100"
"310","4","1","-4","5.7","women","26-100","26-100"
"311","4","1","-3","11.2","women","26-100","26-100"
"312","4","1","-2","22.1","women","26-100","26-100"
"313","4","1","-1","40.3","women","26-100","26-100"
"314","4","1","0","60","women","26-100","26-100"
"315","4","1","1","77.9","women","26-100","26-100"
"316","4","1","2","89","women","26-100","26-100"
"317","4","1","3","95.4","women","26-100","26-100"
"318","4","1","4","98.4","women","26-100","26-100"
"319","4","1","5","99.9","women","26-100","26-100"
"320","4","1","6","99.8","women","26-100","26-100"
"321","5","0","-6","0.3","women","26-100","26-100"
"322","5","0","-5","0.4","women","26-100","26-100"
"323","5","0","-4","1.9","women","26-100","26-100"
"324","5","0","-3","6.8","women","26-100","26-100"
"325","5","0","-2","13.5","women","26-100","26-100"
"326","5","0","-1","22.9","women","26-100","26-100"
"327","5","0","0","40","women","26-100","26-100"
"328","5","0","1","58.7","women","26-100","26-100"
"329","5","0","2","74.4","women","26-100","26-100"
"330","5","0","3","86","women","26-100","26-100"
"331","5","0","4","94.1","women","26-100","26-100"
"332","5","0","5","98","women","26-100","26-100"
"333","5","0","6","99.5","women","26-100","26-100"
"334","5","1","-6","0.5","women","26-100","26-100"
"335","5","1","-5","2","women","26-100","26-100"
"336","5","1","-4","5.9","women","26-100","26-100"
"337","5","1","-3","14","women","26-100","26-100"
"338","5","1","-2","25.6","women","26-100","26-100"
"339","5","1","-1","41.3","women","26-100","26-100"
"340","5","1","0","60","women","26-100","26-100"
"341","5","1","1","77.1","women","26-100","26-100"
"342","5","1","2","86.5","women","26-100","26-100"
"343","5","1","3","93.2","women","26-100","26-100"
"344","5","1","4","98.1","women","26-100","26-100"
"345","5","1","5","99.6","women","26-100","26-100"
"346","5","1","6","99.7","women","26-100","26-100"
"347","6","0","-6","0.4","women","26-100","26-100"
"348","6","0","-5","0.4","women","26-100","26-100"
"349","6","0","-4","3.4","women","26-100","26-100"
"350","6","0","-3","7.6","women","26-100","26-100"
"351","6","0","-2","15.2","women","26-100","26-100"
"352","6","0","-1","24.2","women","26-100","26-100"
"353","6","0","0","41.2","women","26-100","26-100"
"354","6","0","1","57.5","women","26-100","26-100"
"355","6","0","2","74.5","women","26-100","26-100"
"356","6","0","3","84.2","women","26-100","26-100"
"357","6","0","4","92.6","women","26-100","26-100"
"358","6","0","5","97.4","women","26-100","26-100"
"359","6","0","6","99.3","women","26-100","26-100"
"360","6","1","-6","0.7","women","26-100","26-100"
"361","6","1","-5","2.6","women","26-100","26-100"
"362","6","1","-4","7.4","women","26-100","26-100"
"363","6","1","-3","15.8","women","26-100","26-100"
"364","6","1","-2","25.5","women","26-100","26-100"
"365","6","1","-1","42.5","women","26-100","26-100"
"366","6","1","0","58.8","women","26-100","26-100"
"367","6","1","1","75.8","women","26-100","26-100"
"368","6","1","2","84.8","women","26-100","26-100"
"369","6","1","3","92.4","women","26-100","26-100"
"370","6","1","4","96.6","women","26-100","26-100"
"371","6","1","5","99.6","women","26-100","26-100"
"372","6","1","6","99.6","women","26-100","26-100"
"373","7","0","-6","0.7","women","26-100","26-100"
"374","7","0","-5","0.9","women","26-100","26-100"
"375","7","0","-4","3.8","women","26-100","26-100"
"376","7","0","-3","8.7","women","26-100","26-100"
"377","7","0","-2","15.9","women","26-100","26-100"
"378","7","0","-1","25.7","women","26-100","26-100"
"379","7","0","0","41.4","women","26-100","26-100"
"380","7","0","1","57.9","women","26-100","26-100"
"381","7","0","2","73.5","women","26-100","26-100"
"382","7","0","3","83.3","women","26-100","26-100"
"383","7","0","4","91.2","women","26-100","26-100"
"384","7","0","5","96.3","women","26-100","26-100"
"385","7","0","6","99.1","women","26-100","26-100"
"386","7","1","-6","0.9","women","26-100","26-100"
"387","7","1","-5","3.7","women","26-100","26-100"
"388","7","1","-4","8.8","women","26-100","26-100"
"389","7","1","-3","16.7","women","26-100","26-100"
"390","7","1","-2","26.5","women","26-100","26-100"
"391","7","1","-1","42.1","women","26-100","26-100"
"392","7","1","0","58.6","women","26-100","26-100"
"393","7","1","1","74.3","women","26-100","26-100"
"394","7","1","2","84.1","women","26-100","26-100"
"395","7","1","3","91.3","women","26-100","26-100"
"396","7","1","4","96.2","women","26-100","26-100"
"397","7","1","5","99.1","women","26-100","26-100"
"398","7","1","6","99.3","women","26-100","26-100"
"399","8","0","-4","5.3","women","26-100","26-100"
"400","8","0","-3","10.2","women","26-100","26-100"
"401","8","0","-2","17.1","women","26-100","26-100"
"402","8","0","-1","26.2","women","26-100","26-100"
"403","8","0","0","41.9","women","26-100","26-100"
"404","8","0","1","57","women","26-100","26-100"
"405","8","0","2","71.8","women","26-100","26-100"
"406","8","0","3","83.1","women","26-100","26-100"
"407","8","0","4","90.8","women","26-100","26-100"
"408","8","0","5","96.4","women","26-100","26-100"
"409","8","0","6","98.5","women","26-100","26-100"
"410","8","1","-6","1.5","women","26-100","26-100"
"411","8","1","-5","3.6","women","26-100","26-100"
"412","8","1","-4","9.2","women","26-100","26-100"
"413","8","1","-3","16.9","women","26-100","26-100"
"414","8","1","-2","28.2","women","26-100","26-100"
"415","8","1","-1","43","women","26-100","26-100"
"416","8","1","0","58.1","women","26-100","26-100"
"417","8","1","1","73.8","women","26-100","26-100"
"418","8","1","2","82.9","women","26-100","26-100"
"419","8","1","3","89.8","women","26-100","26-100"
"420","8","1","4","94.7","women","26-100","26-100"
"421","9","0","0","42.2","women","26-100","26-100"
"422","9","0","1","56.4","women","26-100","26-100"
"423","9","0","2","71.6","women","26-100","26-100"
"424","9","0","3","82.2","women","26-100","26-100"
"425","9","0","4","89.3","women","26-100","26-100"
"426","9","0","5","95","women","26-100","26-100"
"427","9","1","-5","5","women","26-100","26-100"
"428","9","1","-4","10.7","women","26-100","26-100"
"429","9","1","-3","17.8","women","26-100","26-100"
"430","9","1","-2","28.4","women","26-100","26-100"
"431","9","1","-1","43.6","women","26-100","26-100"
"432","9","1","0","57.8","women","26-100","26-100"
"433","10","0","0","42.4","women","26-100","26-100"
"434","10","1","0","57.6","women","26-100","26-100"
"435","1","0","-6","0","women","101-500","101-500"
"436","1","0","-5","0","women","101-500","101-500"
"437","1","0","-4","0","women","101-500","101-500"
"438","1","0","-3","0.2","women","101-500","101-500"
"439","1","0","-2","4","women","101-500","101-500"
"440","1","0","-1","17.1","women","101-500","101-500"
"441","1","0","0","28.9","women","101-500","101-500"
"442","1","0","1","62.2","women","101-500","101-500"
"443","1","0","2","86.4","women","101-500","101-500"
"444","1","0","3","96.1","women","101-500","101-500"
"445","1","0","4","100","women","101-500","101-500"
"446","1","0","5","100","women","101-500","101-500"
"447","1","0","6","100","women","101-500","101-500"
"448","1","1","-6","0","women","101-500","101-500"
"449","1","1","-5","0","women","101-500","101-500"
"450","1","1","-4","0","women","101-500","101-500"
"451","1","1","-3","3.9","women","101-500","101-500"
"452","1","1","-2","13.6","women","101-500","101-500"
"453","1","1","-1","37.8","women","101-500","101-500"
"454","1","1","0","71.1","women","101-500","101-500"
"455","1","1","1","82.9","women","101-500","101-500"
"456","1","1","2","96","women","101-500","101-500"
"457","1","1","3","99.8","women","101-500","101-500"
"458","1","1","4","100","women","101-500","101-500"
"459","1","1","5","100","women","101-500","101-500"
"460","1","1","6","100","women","101-500","101-500"
"461","2","0","-6","0","women","101-500","101-500"
"462","2","0","-5","0.1","women","101-500","101-500"
"463","2","0","-4","0.5","women","101-500","101-500"
"464","2","0","-3","1.5","women","101-500","101-500"
"465","2","0","-2","8.9","women","101-500","101-500"
"466","2","0","-1","16.7","women","101-500","101-500"
"467","2","0","0","38.8","women","101-500","101-500"
"468","2","0","1","65.9","women","101-500","101-500"
"469","2","0","2","81.5","women","101-500","101-500"
"470","2","0","3","91.9","women","101-500","101-500"
"471","2","0","4","97.8","women","101-500","101-500"
"472","2","0","5","99.8","women","101-500","101-500"
"473","2","0","6","100","women","101-500","101-500"
"474","2","1","-6","0","women","101-500","101-500"
"475","2","1","-5","0.2","women","101-500","101-500"
"476","2","1","-4","2.2","women","101-500","101-500"
"477","2","1","-3","8.1","women","101-500","101-500"
"478","2","1","-2","18.5","women","101-500","101-500"
"479","2","1","-1","34.1","women","101-500","101-500"
"480","2","1","0","61.2","women","101-500","101-500"
"481","2","1","1","83.3","women","101-500","101-500"
"482","2","1","2","91.1","women","101-500","101-500"
"483","2","1","3","98.5","women","101-500","101-500"
"484","2","1","4","99.5","women","101-500","101-500"
"485","2","1","5","99.9","women","101-500","101-500"
"486","2","1","6","100","women","101-500","101-500"
"487","3","0","-6","0.1","women","101-500","101-500"
"488","3","0","-5","0.2","women","101-500","101-500"
"489","3","0","-4","1.3","women","101-500","101-500"
"490","3","0","-3","3.8","women","101-500","101-500"
"491","3","0","-2","10.4","women","101-500","101-500"
"492","3","0","-1","25.1","women","101-500","101-500"
"493","3","0","0","40.3","women","101-500","101-500"
"494","3","0","1","60.2","women","101-500","101-500"
"495","3","0","2","77.2","women","101-500","101-500"
"496","3","0","3","90.5","women","101-500","101-500"
"497","3","0","4","96.4","women","101-500","101-500"
"498","3","0","5","99","women","101-500","101-500"
"499","3","0","6","99.7","women","101-500","101-500"
"500","3","1","-6","0.3","women","101-500","101-500"
"501","3","1","-5","1","women","101-500","101-500"
"502","3","1","-4","3.6","women","101-500","101-500"
"503","3","1","-3","9.5","women","101-500","101-500"
"504","3","1","-2","22.8","women","101-500","101-500"
"505","3","1","-1","39.8","women","101-500","101-500"
"506","3","1","0","59.7","women","101-500","101-500"
"507","3","1","1","74.9","women","101-500","101-500"
"508","3","1","2","89.6","women","101-500","101-500"
"509","3","1","3","96.2","women","101-500","101-500"
"510","3","1","4","98.7","women","101-500","101-500"
"511","3","1","5","99.8","women","101-500","101-500"
"512","3","1","6","99.9","women","101-500","101-500"
"513","4","0","-6","0","women","101-500","101-500"
"514","4","0","-5","0.5","women","101-500","101-500"
"515","4","0","-4","2","women","101-500","101-500"
"516","4","0","-3","5.8","women","101-500","101-500"
"517","4","0","-2","13.2","women","101-500","101-500"
"518","4","0","-1","25.3","women","101-500","101-500"
"519","4","0","0","42.4","women","101-500","101-500"
"520","4","0","1","58.6","women","101-500","101-500"
"521","4","0","2","73.7","women","101-500","101-500"
"522","4","0","3","87.9","women","101-500","101-500"
"523","4","0","4","94.5","women","101-500","101-500"
"524","4","0","5","97.9","women","101-500","101-500"
"525","4","0","6","99.4","women","101-500","101-500"
"526","4","1","-6","0.6","women","101-500","101-500"
"527","4","1","-5","2.1","women","101-500","101-500"
"528","4","1","-4","5.5","women","101-500","101-500"
"529","4","1","-3","12.1","women","101-500","101-500"
"530","4","1","-2","26.3","women","101-500","101-500"
"531","4","1","-1","41.4","women","101-500","101-500"
"532","4","1","0","57.6","women","101-500","101-500"
"533","4","1","1","74.7","women","101-500","101-500"
"534","4","1","2","86.8","women","101-500","101-500"
"535","4","1","3","94.2","women","101-500","101-500"
"536","4","1","4","98","women","101-500","101-500"
"537","4","1","5","99.5","women","101-500","101-500"
"538","4","1","6","100","women","101-500","101-500"
"539","5","0","-6","0.3","women","101-500","101-500"
"540","5","0","-5","1.7","women","101-500","101-500"
"541","5","0","-4","3.5","women","101-500","101-500"
"542","5","0","-3","7.7","women","101-500","101-500"
"543","5","0","-2","14.5","women","101-500","101-500"
"544","5","0","-1","28","women","101-500","101-500"
"545","5","0","0","42.4","women","101-500","101-500"
"546","5","0","1","57.7","women","101-500","101-500"
"547","5","0","2","72.5","women","101-500","101-500"
"548","5","0","3","86.2","women","101-500","101-500"
"549","5","0","4","92.9","women","101-500","101-500"
"550","5","0","5","96.8","women","101-500","101-500"
"551","5","0","6","99.2","women","101-500","101-500"
"552","5","1","-6","0.8","women","101-500","101-500"
"553","5","1","-5","3.2","women","101-500","101-500"
"554","5","1","-4","7.1","women","101-500","101-500"
"555","5","1","-3","13.8","women","101-500","101-500"
"556","5","1","-2","27.5","women","101-500","101-500"
"557","5","1","-1","42.3","women","101-500","101-500"
"558","5","1","0","57.6","women","101-500","101-500"
"559","5","1","1","72","women","101-500","101-500"
"560","5","1","2","85.5","women","101-500","101-500"
"561","5","1","3","92.3","women","101-500","101-500"
"562","5","1","4","96.5","women","101-500","101-500"
"563","5","1","5","98.3","women","101-500","101-500"
"564","5","1","6","99.7","women","101-500","101-500"
"565","6","0","-6","0.5","women","101-500","101-500"
"566","6","0","-5","1.7","women","101-500","101-500"
"567","6","0","-4","4.8","women","101-500","101-500"
"568","6","0","-3","8.6","women","101-500","101-500"
"569","6","0","-2","16","women","101-500","101-500"
"570","6","0","-1","28.9","women","101-500","101-500"
"571","6","0","0","43.3","women","101-500","101-500"
"572","6","0","1","58.1","women","101-500","101-500"
"573","6","0","2","71.6","women","101-500","101-500"
"574","6","0","3","84.6","women","101-500","101-500"
"575","6","0","4","92.2","women","101-500","101-500"
"576","6","0","5","95.9","women","101-500","101-500"
"577","6","0","6","98.4","women","101-500","101-500"
"578","6","1","-6","1.6","women","101-500","101-500"
"579","6","1","-5","4.1","women","101-500","101-500"
"580","6","1","-4","7.8","women","101-500","101-500"
"581","6","1","-3","15.4","women","101-500","101-500"
"582","6","1","-2","28.4","women","101-500","101-500"
"583","6","1","-1","41.9","women","101-500","101-500"
"584","6","1","0","56.7","women","101-500","101-500"
"585","6","1","1","71.1","women","101-500","101-500"
"586","6","1","2","84","women","101-500","101-500"
"587","6","1","3","91.4","women","101-500","101-500"
"588","6","1","4","95.2","women","101-500","101-500"
"589","6","1","5","98.3","women","101-500","101-500"
"590","6","1","6","99.5","women","101-500","101-500"
"591","7","0","-6","1","women","101-500","101-500"
"592","7","0","-5","3.1","women","101-500","101-500"
"593","7","0","-4","5.2","women","101-500","101-500"
"594","7","0","-3","10","women","101-500","101-500"
"595","7","0","-2","17.6","women","101-500","101-500"
"596","7","0","-1","29.4","women","101-500","101-500"
"597","7","0","0","43.4","women","101-500","101-500"
"598","7","0","1","57.3","women","101-500","101-500"
"599","7","0","2","70.8","women","101-500","101-500"
"600","7","0","3","83.9","women","101-500","101-500"
"601","7","0","4","90.7","women","101-500","101-500"
"602","7","0","5","95.5","women","101-500","101-500"
"603","7","0","6","98","women","101-500","101-500"
"604","7","1","-6","2","women","101-500","101-500"
"605","7","1","-5","4.5","women","101-500","101-500"
"606","7","1","-4","9.3","women","101-500","101-500"
"607","7","1","-3","16.1","women","101-500","101-500"
"608","7","1","-2","29.2","women","101-500","101-500"
"609","7","1","-1","42.7","women","101-500","101-500"
"610","7","1","0","56.6","women","101-500","101-500"
"611","7","1","1","70.6","women","101-500","101-500"
"612","7","1","2","82.4","women","101-500","101-500"
"613","7","1","3","90","women","101-500","101-500"
"614","7","1","4","94.8","women","101-500","101-500"
"615","7","1","5","96.9","women","101-500","101-500"
"616","7","1","6","99","women","101-500","101-500"
"617","8","0","-5","3.6","women","101-500","101-500"
"618","8","0","-4","5.9","women","101-500","101-500"
"619","8","0","-3","10.3","women","101-500","101-500"
"620","8","0","-2","18.5","women","101-500","101-500"
"621","8","0","-1","29.5","women","101-500","101-500"
"622","8","0","0","43","women","101-500","101-500"
"623","8","0","1","56.8","women","101-500","101-500"
"624","8","0","2","70.1","women","101-500","101-500"
"625","8","0","3","82.8","women","101-500","101-500"
"626","8","0","4","90","women","101-500","101-500"
"627","8","0","5","94.6","women","101-500","101-500"
"628","8","0","6","97.2","women","101-500","101-500"
"629","8","1","-6","2.8","women","101-500","101-500"
"630","8","1","-5","5.4","women","101-500","101-500"
"631","8","1","-4","10","women","101-500","101-500"
"632","8","1","-3","17.2","women","101-500","101-500"
"633","8","1","-2","29.9","women","101-500","101-500"
"634","8","1","-1","43.2","women","101-500","101-500"
"635","8","1","0","57","women","101-500","101-500"
"636","8","1","1","70.5","women","101-500","101-500"
"637","8","1","2","81.5","women","101-500","101-500"
"638","8","1","3","89.7","women","101-500","101-500"
"639","8","1","4","94.1","women","101-500","101-500"
"640","8","1","5","96.4","women","101-500","101-500"
"641","9","0","0","44.1","women","101-500","101-500"
"642","9","0","1","57.4","women","101-500","101-500"
"643","9","0","2","69.9","women","101-500","101-500"
"644","9","0","3","81.7","women","101-500","101-500"
"645","9","0","4","89.3","women","101-500","101-500"
"646","9","0","5","93.5","women","101-500","101-500"
"647","9","0","6","96.7","women","101-500","101-500"
"648","9","1","-6","3.3","women","101-500","101-500"
"649","9","1","-5","6.5","women","101-500","101-500"
"650","9","1","-4","10.7","women","101-500","101-500"
"651","9","1","-3","18.3","women","101-500","101-500"
"652","9","1","-2","30.1","women","101-500","101-500"
"653","9","1","-1","42.6","women","101-500","101-500"
"654","9","1","0","55.9","women","101-500","101-500"
"655","10","0","0","44.3","women","101-500","101-500"
"656","10","1","0","55.7","women","101-500","101-500"
